{"eval/loss": 0.019693711772561073, "eval/f1": 0.9774436090225564, "eval/precision": 0.9701492537313433, "eval/recall": 0.9848484848484849, "eval/report": "              precision    recall  f1-score   support\n\n         DAY       1.00      1.00      1.00        17\n        MENU       0.95      0.98      0.96        41\n     PAYMENT       1.00      1.00      1.00         8\n\n   micro avg       0.97      0.98      0.98        66\n   macro avg       0.98      0.99      0.99        66\nweighted avg       0.97      0.98      0.98        66\n", "eval/runtime": 1.13, "eval/samples_per_second": 60.18, "eval/steps_per_second": 4.425, "train/global_step": 0, "_timestamp": 1734569450.2290018, "_runtime": 1.1077728271484375, "_step": 0, "_wandb": {"runtime": 0}}