{
  "best_metric": 0.9862637362637363,
  "best_model_checkpoint": "/home/user09/beaver/data/shared_files/241215_BERT/checkpoint/klue_roberta_large_v3/checkpoint-273",
  "epoch": 4.0,
  "global_step": 364,
  "is_hyper_param_search": false,
  "is_local_process_zero": true,
  "is_world_process_zero": true,
  "log_history": [
    {
      "epoch": 1.0,
      "eval_accuracy": 0.9340659340659341,
      "eval_f1": 0.9261926382502569,
      "eval_loss": 0.19219748675823212,
      "eval_runtime": 0.4282,
      "eval_samples_per_second": 850.117,
      "eval_steps_per_second": 53.716,
      "step": 91
    },
    {
      "epoch": 2.0,
      "eval_accuracy": 0.9642857142857143,
      "eval_f1": 0.9614974653229807,
      "eval_loss": 0.13300491869449615,
      "eval_runtime": 0.4452,
      "eval_samples_per_second": 817.558,
      "eval_steps_per_second": 51.659,
      "step": 182
    },
    {
      "epoch": 3.0,
      "eval_accuracy": 0.9862637362637363,
      "eval_f1": 0.9864565445506336,
      "eval_loss": 0.0447375625371933,
      "eval_runtime": 0.4268,
      "eval_samples_per_second": 852.894,
      "eval_steps_per_second": 53.892,
      "step": 273
    },
    {
      "epoch": 4.0,
      "eval_accuracy": 0.9752747252747253,
      "eval_f1": 0.9757902956509227,
      "eval_loss": 0.1458435207605362,
      "eval_runtime": 0.4257,
      "eval_samples_per_second": 855.131,
      "eval_steps_per_second": 54.033,
      "step": 364
    }
  ],
  "max_steps": 1820,
  "num_train_epochs": 20,
  "total_flos": 175201557232512.0,
  "trial_name": null,
  "trial_params": null
}
