{"eval/loss": 0.13619612157344818, "eval/accuracy": 0.96875, "eval/f1": 0.9681423611111111, "eval/runtime": 0.1682, "eval/samples_per_second": 760.967, "eval/steps_per_second": 47.56, "train/epoch": 20.0, "train/global_step": 640, "_timestamp": 1734266292.7717578, "_runtime": 904.8723819255829, "_step": 21, "train_runtime": 892.4254, "train_samples_per_second": 11.474, "train_steps_per_second": 0.717, "total_flos": 324508779024768.0, "train_loss": 0.14177162647247316, "_wandb": {"runtime": 904}}